{
  "version": 1,
  "author": "akila",
  "editor": "wokwi",
  "parts": [
    { "type": "wokwi-breadboard", "id": "bb1", "top": 217.8, "left": -35.6, "attrs": {} },
    { "type": "wokwi-breadboard-half", "id": "bb2", "top": 217.8, "left": -362, "attrs": {} },
    { "type": "wokwi-esp32-devkit-v1", "id": "esp", "top": -81.7, "left": 196.6, "attrs": {} },
    {
      "type": "board-ssd1306",
      "id": "oled1",
      "top": 300.74,
      "left": 518.63,
      "attrs": { "i2cAddress": "0x3c" }
    },
    {
      "type": "wokwi-buzzer",
      "id": "bz1",
      "top": 194.4,
      "left": 395.4,
      "attrs": { "volume": "0.1" }
    },
    {
      "type": "wokwi-led",
      "id": "led1",
      "top": 236.4,
      "left": 291.8,
      "attrs": { "color": "red" }
    },
    {
      "type": "wokwi-resistor",
      "id": "r1",
      "top": 282.35,
      "left": 432,
      "attrs": { "value": "100000" }
    },
    {
      "type": "wokwi-resistor",
      "id": "r2",
      "top": 282.35,
      "left": 316.8,
      "attrs": { "value": "220" }
    },
    {
      "type": "wokwi-pushbutton",
      "id": "btn1",
      "top": 310.2,
      "left": 141,
      "rotate": 90,
      "attrs": { "color": "red", "xray": "1", "label": "CANCEL" }
    },
    {
      "type": "wokwi-resistor",
      "id": "r3",
      "top": 368.75,
      "left": 115.2,
      "attrs": { "value": "1000" }
    },
    {
      "type": "wokwi-pushbutton",
      "id": "btn2",
      "top": 291,
      "left": -118.2,
      "rotate": 90,
      "attrs": { "color": "green", "xray": "1", "label": "DOWN" }
    },
    {
      "type": "wokwi-pushbutton",
      "id": "btn3",
      "top": 291,
      "left": -214.2,
      "rotate": 90,
      "attrs": { "color": "blue", "xray": "1", "label": "OK/MENU" }
    },
    {
      "type": "wokwi-pushbutton",
      "id": "btn4",
      "top": 291,
      "left": -310.2,
      "rotate": 90,
      "attrs": { "color": "yellow", "xray": "1", "label": "UP" }
    },
    {
      "type": "wokwi-resistor",
      "id": "r4",
      "top": 359.15,
      "left": -144,
      "attrs": { "value": "1000" }
    },
    {
      "type": "wokwi-resistor",
      "id": "r5",
      "top": 359.15,
      "left": -240,
      "attrs": { "value": "1000" }
    },
    {
      "type": "wokwi-resistor",
      "id": "r6",
      "top": 359.15,
      "left": -336,
      "attrs": { "value": "1000" }
    },
    {
      "type": "wokwi-dht22",
      "id": "dht1",
      "top": -230.1,
      "left": 13.8,
      "attrs": { "temperature": "42" }
    },
    { "type": "wokwi-servo", "id": "servo1", "top": -194, "left": 528, "attrs": {} },
    {
      "type": "wokwi-photoresistor-sensor",
      "id": "ldr1",
      "top": -150.4,
      "left": -296.8,
      "attrs": {}
    }
  ],
  "connections": [
    [ "esp:TX0", "$serialMonitor:RX", "", [] ],
    [ "esp:RX0", "$serialMonitor:TX", "", [] ],
    [ "r3:1", "led4:A", "green", [ "v0" ] ],
    [ "led4:C", "esp:GND.1", "green", [ "v138.64", "h-88.39", "v102.35", "h600.84", "v-182.05" ] ],
    [ "esp:3V3", "bb1:tp.48", "red", [ "v115.2", "h249.3" ] ],
    [ "esp:GND.1", "bb1:tn.47", "black", [ "h0" ] ],
    [ "bb1:tn.50", "bb1:bn.50", "black", [ "v-0.1", "h85.6", "v172.8" ] ],
    [ "bb1:tp.50", "bb1:bp.50", "red", [ "v0.3", "h104.8", "v172.8" ] ],
    [ "esp:D21", "bb1:63t.a", "blue", [ "h0" ] ],
    [ "esp:D22", "bb1:62t.a", "green", [ "h0" ] ],
    [ "bb1:tp.49", "bb1:61t.b", "red", [ "v0" ] ],
    [ "bb1:tn.48", "bb1:60t.c", "black", [ "v0" ] ],
    [ "bb1:tn.35", "bb1:46t.c", "black", [ "v0" ] ],
    [ "bb1:tp.26", "bb1:tp.25", "red", [ "v0" ] ],
    [ "bb1:tn.25", "bb1:tn.26", "black", [ "v0" ] ],
    [ "bb1:tn.24", "bb1:34t.c", "black", [ "v0" ] ],
    [ "esp:D15", "bb1:41t.a", "orange", [ "h0" ] ],
    [ "esp:D5", "bb1:53t.a", "orange", [ "h0" ] ],
    [ "bb1:14b.i", "bb1:bp.10", "red", [ "h-9.6", "v39.3" ] ],
    [ "bb1:20t.c", "esp:D34", "green", [ "v-211.2", "h0", "v-105.6" ] ],
    [ "bb1:22t.c", "bb1:tn.17", "black", [ "v0" ] ],
    [ "bb1:tp.1", "bb2:tp.25", "red", [ "v0.3", "h-68" ] ],
    [ "bb1:tn.1", "bb2:tn.25", "black", [ "v0" ] ],
    [ "bb1:bp.1", "bb2:bp.25", "red", [ "v0" ] ],
    [ "bb1:bn.1", "bb2:bn.25", "black", [ "v0" ] ],
    [ "bb2:1b.j", "bb2:bp.1", "red", [ "v0" ] ],
    [ "bb2:11b.j", "bb2:bp.9", "red", [ "v0" ] ],
    [ "bb2:21b.j", "bb2:bp.17", "red", [ "v0" ] ],
    [ "bb2:29t.b", "bb2:tn.24", "black", [ "v0" ] ],
    [ "bb2:19t.b", "bb2:tn.16", "black", [ "v0" ] ],
    [ "bb2:9t.b", "bb2:tn.7", "black", [ "v0" ] ],
    [ "bb2:27t.b", "esp:D35", "gold", [ "v-278.4" ] ],
    [ "bb2:17t.b", "esp:D32", "orange", [ "v0" ] ],
    [ "bb2:7t.b", "esp:D33", "#8f4814", [ "v0" ] ],
    [ "dht1:VCC", "bb1:tp.3", "red", [ "v0" ] ],
    [ "dht1:GND", "bb1:tn.5", "black", [ "v355.2" ] ],
    [ "dht1:SDA", "esp:D12", "green", [ "v0" ] ],
    [ "ldr1:VCC", "bb2:tp.23", "red", [ "h0" ] ],
    [ "ldr1:GND", "bb2:tn.21", "black", [ "h0" ] ],
    [ "servo1:V+", "bb1:tp.42", "green", [ "h0" ] ],
    [ "servo1:GND", "bb1:tn.41", "black", [ "h0" ] ],
    [ "servo1:PWM", "esp:D13", "green", [ "h0" ] ],
    [ "ldr1:AO", "esp:VN", "green", [ "h0" ] ],
    [ "bz1:1", "bb1:46t.b", "", [ "$bb" ] ],
    [ "bz1:2", "bb1:47t.b", "", [ "$bb" ] ],
    [ "led1:A", "bb1:35t.b", "", [ "$bb" ] ],
    [ "led1:C", "bb1:34t.b", "", [ "$bb" ] ],
    [ "r1:1", "bb1:47t.c", "", [ "$bb" ] ],
    [ "r1:2", "bb1:53t.c", "", [ "$bb" ] ],
    [ "r2:1", "bb1:35t.c", "", [ "$bb" ] ],
    [ "r2:2", "bb1:41t.c", "", [ "$bb" ] ],
    [ "btn1:1.l", "bb1:22t.e", "", [ "$bb" ] ],
    [ "btn1:2.l", "bb1:20t.e", "", [ "$bb" ] ],
    [ "btn1:1.r", "bb1:22b.j", "", [ "$bb" ] ],
    [ "btn1:2.r", "bb1:20b.j", "", [ "$bb" ] ],
    [ "r3:1", "bb1:14b.j", "", [ "$bb" ] ],
    [ "r3:2", "bb1:20b.j", "", [ "$bb" ] ],
    [ "btn2:1.l", "bb2:29t.c", "", [ "$bb" ] ],
    [ "btn2:2.l", "bb2:27t.c", "", [ "$bb" ] ],
    [ "btn2:1.r", "bb2:29b.h", "", [ "$bb" ] ],
    [ "btn2:2.r", "bb2:27b.h", "", [ "$bb" ] ],
    [ "btn3:1.l", "bb2:19t.c", "", [ "$bb" ] ],
    [ "btn3:2.l", "bb2:17t.c", "", [ "$bb" ] ],
    [ "btn3:1.r", "bb2:19b.h", "", [ "$bb" ] ],
    [ "btn3:2.r", "bb2:17b.h", "", [ "$bb" ] ],
    [ "btn4:1.l", "bb2:9t.c", "", [ "$bb" ] ],
    [ "btn4:2.l", "bb2:7t.c", "", [ "$bb" ] ],
    [ "btn4:1.r", "bb2:9b.h", "", [ "$bb" ] ],
    [ "btn4:2.r", "bb2:7b.h", "", [ "$bb" ] ],
    [ "r4:1", "bb2:21b.i", "", [ "$bb" ] ],
    [ "r4:2", "bb2:27b.i", "", [ "$bb" ] ],
    [ "r5:1", "bb2:11b.i", "", [ "$bb" ] ],
    [ "r5:2", "bb2:17b.i", "", [ "$bb" ] ],
    [ "r6:1", "bb2:1b.i", "", [ "$bb" ] ],
    [ "r6:2", "bb2:7b.i", "", [ "$bb" ] ],
    [ "oled1:GND", "bb1:60t.e", "", [ "$bb" ] ],
    [ "oled1:VCC", "bb1:61t.e", "", [ "$bb" ] ],
    [ "oled1:SCL", "bb1:62t.e", "", [ "$bb" ] ],
    [ "oled1:SDA", "bb1:63t.e", "", [ "$bb" ] ]
  ],
  "dependencies": {}
}